video_id,title,views,publishedAt,durationSec,channel_id,channel_title,channel_url,watch_url
YP-HZ4nSOpQ,데뷔전 부터 한판한 손흥민!,5279339,2025-08-11T04:15:05Z,34,UCKTPSeVuniEnXVeg86W4NMw,축구히어로,https://www.youtube.com/channel/UCKTPSeVuniEnXVeg86W4NMw,https://www.youtube.com/watch?v=YP-HZ4nSOpQ
JS1PhioHkI0,손흥민에 대한 토트넘 동료들의 신뢰 l 파넨카킥 반응,4589036,2025-08-13T00:42:27Z,16,UCP6Idof-_rqlGucc5AOL_Aw,아크써클_축구,https://www.youtube.com/channel/UCP6Idof-_rqlGucc5AOL_Aw,https://www.youtube.com/watch?v=JS1PhioHkI0
BBzzE1DnTl4,미국 간 손흥민에 대한 런던 팬들의 평가 #매불쇼 #손흥민 #박문성 #토트넘 #해리케인,4189510,2025-08-14T03:30:12Z,54,UCbouR-45rChK6ou95zSlNxA,사이다 이슈-시사뉴스,https://www.youtube.com/channel/UCbouR-45rChK6ou95zSlNxA,https://www.youtube.com/watch?v=BBzzE1DnTl4
5PMvv9gwX5M,미국도 홀린 개빠른 손흥민 ㄷㄷ,4172035,2025-08-11T11:40:00Z,8,UCWOJBPAhe2W0BqL2NO2EGnQ,핫뉴스,https://www.youtube.com/channel/UCWOJBPAhe2W0BqL2NO2EGnQ,https://www.youtube.com/watch?v=5PMvv9gwX5M
iVJbaV1eAIk,"이강인의 환상적인 추격골! PSG, 대역전극으로 '창단 첫 슈퍼컵 우승' #SPOTIME",3211184,2025-08-13T23:20:13Z,273,UCnXNukjRxXGD8aeZGRV-lYg,스포타임,https://www.youtube.com/channel/UCnXNukjRxXGD8aeZGRV-lYg,https://www.youtube.com/watch?v=iVJbaV1eAIk
2_svcHGGMfg,손흥민에게 무리뉴가 쓴소리를 한 이유 #손흥민,3005099,2025-08-11T14:30:01Z,60,UCCHLjJdkOMa5nsRn1a3GoCA,예능마트,https://www.youtube.com/channel/UCCHLjJdkOMa5nsRn1a3GoCA,https://www.youtube.com/watch?v=2_svcHGGMfg
jsc8Mru8gsU,알바 '불시 습격' 했더니..사장님 바디캠에 찍힌 '역대급' 장면 #뉴스다 / JTBC News,2957981,2025-08-12T08:05:01Z,1175,UCsU-I-vHLiaMfV_ceaYz5rQ,JTBC News,https://www.youtube.com/channel/UCsU-I-vHLiaMfV_ceaYz5rQ,https://www.youtube.com/watch?v=jsc8Mru8gsU
8OBR-P3rqgo,사유지 침범한 카라반들…보다 못한 땅 주인이 뿌린 건? [월드 플러스] / KBS  2025.08.11.,2467867,2025-08-11T06:55:01Z,65,UCcQTRi69dsVYHN3exePtZ1A,KBS News,https://www.youtube.com/channel/UCcQTRi69dsVYHN3exePtZ1A,https://www.youtube.com/watch?v=8OBR-P3rqgo
yP7APgfeIzE,손흥민 1호 LAFC 유니폼 + 사인알아보는 현지 팬들  #lafc #손흥민lafc #손흥민유니폼,2152717,2025-08-13T16:57:26Z,38,UCEuCc-mK6fnxM4jSVzydXzA,LA So Kyu  엘에이쏘큐,https://www.youtube.com/channel/UCEuCc-mK6fnxM4jSVzydXzA,https://www.youtube.com/watch?v=yP7APgfeIzE
XZ76KZyVm4k,엄청난 손흥민 유니폼 판매량을 본 러비회장의 충격적인 반응,1717901,2025-08-14T16:50:00Z,55,UCuyNWJ46UnESpJ4d_cb7p5A,스타라이트,https://www.youtube.com/channel/UCuyNWJ46UnESpJ4d_cb7p5A,https://www.youtube.com/watch?v=XZ76KZyVm4k
qFT5w0zjD5Q,손흥민 월드클래스 또 다른 패스영상! MOM 괜히 받은게 아니네!,1708172,2025-08-17T06:26:17Z,59,UCpdwwa52oFs1jLB8p-96QeQ,슈픽,https://www.youtube.com/channel/UCpdwwa52oFs1jLB8p-96QeQ,https://www.youtube.com/watch?v=qFT5w0zjD5Q
wYwZrWbNstI,"손흥민, 스피드 폭발! 역대급 스프린트 모음",1642485,2025-08-12T08:42:10Z,50,UCanxmVl3zVYORip0ABOoDuQ,퍼스널풋볼,https://www.youtube.com/channel/UCanxmVl3zVYORip0ABOoDuQ,https://www.youtube.com/watch?v=wYwZrWbNstI
6_kI2KYFANI,호이비에르가 손흥민에게 용기를 불어넣은 방법,1473309,2025-08-11T05:04:54Z,42,UCHF8lPYCii6Wdhe3scftx0Q,공감입니다,https://www.youtube.com/channel/UCHF8lPYCii6Wdhe3scftx0Q,https://www.youtube.com/watch?v=6_kI2KYFANI
1sDvDZWECX4,(손흥민)패널티인지 오심인지 VAR보면 들통납니다 #축구,1458663,2025-08-11T20:00:01Z,59,UCx-h_qSzzrhvHOmiNBeWdkQ,A nice guy,https://www.youtube.com/channel/UCx-h_qSzzrhvHOmiNBeWdkQ,https://www.youtube.com/watch?v=1sDvDZWECX4
e_jD17Pm6fo,"""조국을 버린 자, 유승준씨""…이 대통령 10년 전 답했었다 #비하인드뉴스 / JTBC 뉴스룸",1373818,2025-08-11T11:04:55Z,119,UCsU-I-vHLiaMfV_ceaYz5rQ,JTBC News,https://www.youtube.com/channel/UCsU-I-vHLiaMfV_ceaYz5rQ,https://www.youtube.com/watch?v=e_jD17Pm6fo
d49tIfj24yg,골없어도 최고평점에 POM까지 가져간 손흥민 미친 어시ㄷㄷㄷ,1236291,2025-08-17T02:15:27Z,20,UC_BudaUPZ_TbvfUDFRGLQBw,쏘니 타임즈,https://www.youtube.com/channel/UC_BudaUPZ_TbvfUDFRGLQBw,https://www.youtube.com/watch?v=d49tIfj24yg
C9pn1K0_Yxg,토트넘 팬이 손흥민에게 전하는 메세지 #손흥민 #토트넘,1231099,2025-08-13T09:48:51Z,50,UCvdw9aeoHRuugJUhWsyep8A,더포텐셜 (The Potential),https://www.youtube.com/channel/UCvdw9aeoHRuugJUhWsyep8A,https://www.youtube.com/watch?v=C9pn1K0_Yxg
sgxXPG9R9kI,손흥민 대 테란 미국 첫 경기부터 신고식 제대로 치른 손흥민 열정 어쩔 ㄷㄷ,1220692,2025-08-11T11:25:00Z,31,UChKPNa5nF7zpWAIwd1ooFvQ,원투테오 ONETWOTHEO,https://www.youtube.com/channel/UChKPNa5nF7zpWAIwd1ooFvQ,https://www.youtube.com/watch?v=sgxXPG9R9kI
y-RcwaqA7R0,"'데뷔골·첫 승리' 동시 사냥‥""손흥민은 막기 어려운 선수"" (2025.08.16/뉴스데스크/MBC)",1201965,2025-08-16T12:05:13Z,69,UCF4Wxdo3inmxP-Y59wXDsFw,MBCNEWS,https://www.youtube.com/channel/UCF4Wxdo3inmxP-Y59wXDsFw,https://www.youtube.com/watch?v=y-RcwaqA7R0
fMnEPe2BKv0,신입생 손흥민 환영식 ㅋㅋㅋ,1195100,2025-08-13T22:12:01Z,12,UCWOJBPAhe2W0BqL2NO2EGnQ,핫뉴스,https://www.youtube.com/channel/UCWOJBPAhe2W0BqL2NO2EGnQ,https://www.youtube.com/watch?v=fMnEPe2BKv0
HrJhAuY8ZR8,[단독] 윤석열 면회에 휴대전화 반입 허용‥서울구치소장 전격 교체 (2025.08.14/뉴스데스크/MBC),1170759,2025-08-14T10:50:48Z,147,UCF4Wxdo3inmxP-Y59wXDsFw,MBCNEWS,https://www.youtube.com/channel/UCF4Wxdo3inmxP-Y59wXDsFw,https://www.youtube.com/watch?v=HrJhAuY8ZR8
EBWvz-CmFhY,500억 손흥민을 국빈급 홍보로 이미 본전 뽑은 LAFC의 넘사벽 마케팅,1153294,2025-08-12T04:23:06Z,55,UCNxCwQDxlbJwdTxcK8G668A,스타썰,https://www.youtube.com/channel/UCNxCwQDxlbJwdTxcK8G668A,https://www.youtube.com/watch?v=EBWvz-CmFhY
3J_nBWheCKw,아자르가 말하는 손흥민,1150747,2025-08-14T08:00:04Z,27,UC8Rr7bZIBcztSczTSYuZpuQ,숏큐멘터리,https://www.youtube.com/channel/UC8Rr7bZIBcztSczTSYuZpuQ,https://www.youtube.com/watch?v=3J_nBWheCKw
J9vxyRI_Ugw,손흥민 승부욕 #shorts,1045778,2025-08-15T06:00:14Z,45,UC2qVOOz13xLXHaw9yW-aMXQ,동현kldh,https://www.youtube.com/channel/UC2qVOOz13xLXHaw9yW-aMXQ,https://www.youtube.com/watch?v=J9vxyRI_Ugw
9OTQWPpkyRA,"손흥민 없이도 괜찮다던 토트넘, 이강인 한 방에 끝났다 #이강인 #토트넘 #슈퍼컵 #PSG #축구반전 #슈퍼컵결승 #골하이라이트 #유로피언축구 #슈퍼컵2025 #축구드라마",1003080,2025-08-14T12:30:10Z,60,UCmxyzxATj7B9PATq0jyF8gw,한국은 빠밤!!!,https://www.youtube.com/channel/UCmxyzxATj7B9PATq0jyF8gw,https://www.youtube.com/watch?v=9OTQWPpkyRA
N_IoNTJHwzo,손흥민 vs 케인🔥토트넘 팬 대표가 뽑은 진짜 레전드,998683,2025-08-13T09:28:00Z,60,UCIteuoGFSojc8V_8NedwrMQ,축구대통령,https://www.youtube.com/channel/UCIteuoGFSojc8V_8NedwrMQ,https://www.youtube.com/watch?v=N_IoNTJHwzo
KZqR9VTkmfw,손흥민 종료 1초전 쐐기골 어시스트 폭발에 뒤집어진 LA선수들ㅋㅋㅋ   ,978980,2025-08-17T03:03:46Z,646,UCGf-3tzlytK_4shegtGEfoQ,Jin Soccer 진사커,https://www.youtube.com/channel/UCGf-3tzlytK_4shegtGEfoQ,https://www.youtube.com/watch?v=KZqR9VTkmfw
BPEpnLPiv34,6개월 뛴 지루보다 30분 뛴 손흥민이 더 낫다는 현지해설,974133,2025-08-12T03:45:11Z,38,UC_RiUys4rBMkOn-kzyhg0hA,리얼스포츠,https://www.youtube.com/channel/UC_RiUys4rBMkOn-kzyhg0hA,https://www.youtube.com/watch?v=BPEpnLPiv34
qFH8JWecH6A,손흥민 연봉 다주고도 벌써 흑자인 LAFC구단의 천재적 마케팅,950115,2025-08-11T08:10:02Z,49,UCuyNWJ46UnESpJ4d_cb7p5A,스타라이트,https://www.youtube.com/channel/UCuyNWJ46UnESpJ4d_cb7p5A,https://www.youtube.com/watch?v=qFH8JWecH6A
2MY5e2MFcyo,추가시간까지 위협적인 손흥민을 본 상대 골키퍼 반응 ㅋㅋㅋㅋㅋ,929269,2025-08-17T09:00:04Z,12,UCWOJBPAhe2W0BqL2NO2EGnQ,핫뉴스,https://www.youtube.com/channel/UCWOJBPAhe2W0BqL2NO2EGnQ,https://www.youtube.com/watch?v=2MY5e2MFcyo
2UVNBYXyQX0,손흥민을 실제로 겪어보고 감명받은 LAFC 동료들 반응,864563,2025-08-12T07:26:42Z,54,UCw82raJTgO6EhwvCb29_-Dw,히스토리,https://www.youtube.com/channel/UCw82raJTgO6EhwvCb29_-Dw,https://www.youtube.com/watch?v=2UVNBYXyQX0
VmluWJnZf6E,벤데이비스 아들이 손흥민 외치며 울부짖는 이유,844102,2025-08-12T12:00:57Z,57,UCQxypI_6PaHLmdvLFBjfF3Q,손흥민전성시대,https://www.youtube.com/channel/UCQxypI_6PaHLmdvLFBjfF3Q,https://www.youtube.com/watch?v=VmluWJnZf6E
16Ae8RY3MQE,미국에서 난리난 '손흥민 이름' 논란,805852,2025-08-17T07:30:00Z,14,UCv3CTPm72dPQH6yzyLn-pHg,나루월드,https://www.youtube.com/channel/UCv3CTPm72dPQH6yzyLn-pHg,https://www.youtube.com/watch?v=16Ae8RY3MQE
jWFX36MT0gU,"손흥민 그리운 비수마, 울다가 결국...",795809,2025-08-12T01:50:31Z,14,UC0HOOrIZm2xXP3rhF0sqIuw,CP아일랜드,https://www.youtube.com/channel/UC0HOOrIZm2xXP3rhF0sqIuw,https://www.youtube.com/watch?v=jWFX36MT0gU
2R0zXqQb86I,"""이러니 손흥민이 날아다니지..."" 토트넘 역린 찌른 손흥민 '한마디' , 전문가들 ""토트넘은 손흥민을 제대로 활용한 적이 없다"" 경악",790699,2025-08-12T09:59:56Z,529,UCVwXZVlkzkFxNRJlKa5yYYw,더 플래닛,https://www.youtube.com/channel/UCVwXZVlkzkFxNRJlKa5yYYw,https://www.youtube.com/watch?v=2R0zXqQb86I
SH023iL0fEI,이젠 더 이상 참지 않는 쏘니ㅋㅋ #손흥민 #쏘니 #lafc #토트넘 #해외축구 #football,789985,2025-08-11T09:57:01Z,12,UCeB5BWC8GM1CrtwdvRvgUTg,킥히트(KickHit),https://www.youtube.com/channel/UCeB5BWC8GM1CrtwdvRvgUTg,https://www.youtube.com/watch?v=SH023iL0fEI
sjj4BIVpEkw,손흥민 보디가드 = 이강인,761226,2025-08-14T22:00:53Z,13,UCgCwj2FQ6TPIK-D7a1NajbA,K-FOOT,https://www.youtube.com/channel/UCgCwj2FQ6TPIK-D7a1NajbA,https://www.youtube.com/watch?v=sjj4BIVpEkw
17qDHIU0Rfk,손흥민 처음 써본 LA 감독 한마디에 토트넘 난리난 상황,760421,2025-08-13T05:34:50Z,562,UCYKYTbPYaMIIyYuhWYdxmVw,위대한언니,https://www.youtube.com/channel/UCYKYTbPYaMIIyYuhWYdxmVw,https://www.youtube.com/watch?v=17qDHIU0Rfk
XPZD1szu6T8,팀에 헌신하는 손흥민에 충격먹은 LAFC 선수ㄷㄷ,725246,2025-08-11T07:37:37Z,60,UC_BudaUPZ_TbvfUDFRGLQBw,쏘니 타임즈,https://www.youtube.com/channel/UC_BudaUPZ_TbvfUDFRGLQBw,https://www.youtube.com/watch?v=XPZD1szu6T8
eCxElVXeShA,디테일을 알면 더 소름돋는 손흥민 폭풍질주,694224,2025-08-13T05:09:42Z,40,UC_RiUys4rBMkOn-kzyhg0hA,리얼스포츠,https://www.youtube.com/channel/UC_RiUys4rBMkOn-kzyhg0hA,https://www.youtube.com/watch?v=eCxElVXeShA
dNI1AlRxhNI,이제는 새로운 무기까지 장착한 손흥민 공격력,682436,2025-08-17T03:33:10Z,45,UC_RiUys4rBMkOn-kzyhg0hA,리얼스포츠,https://www.youtube.com/channel/UC_RiUys4rBMkOn-kzyhg0hA,https://www.youtube.com/watch?v=dNI1AlRxhNI
noZ2xA3CSlc,EPL 선수한테 손흥민을 물어본다면?#축구#박문성#매불쇼,663804,2025-08-11T09:01:15Z,60,UCPRYsGzNGBrNMuXU12SMLqw,슬기로운 정치생활,https://www.youtube.com/channel/UCPRYsGzNGBrNMuXU12SMLqw,https://www.youtube.com/watch?v=noZ2xA3CSlc
RcSoeuTwg1U,"FIFA 결국 칼 빼든다! 토트넘 징계 임박, 손흥민 이적 후폭풍에 구단 해체 위기된 진짜 이유",643309,2025-08-13T00:32:49Z,482,UCMr4moFQvc8iXhdN84s95Vg,발빠른 뉴스,https://www.youtube.com/channel/UCMr4moFQvc8iXhdN84s95Vg,https://www.youtube.com/watch?v=RcSoeuTwg1U
sD0wbKg4KfI,오타니도 한 수 접는 손흥민 국뽕논란 종결 #매불쇼 #최욱 #손흥민 #박문성,641888,2025-08-15T22:00:54Z,59,UCbouR-45rChK6ou95zSlNxA,사이다 이슈-시사뉴스,https://www.youtube.com/channel/UCbouR-45rChK6ou95zSlNxA,https://www.youtube.com/watch?v=sD0wbKg4KfI
1dzSV_55ZE0,손흥민 이적에 LAFC 계정 팔로우한 비수마ㅋㅋㅋㅋ,626140,2025-08-11T08:02:01Z,14,UC_BudaUPZ_TbvfUDFRGLQBw,쏘니 타임즈,https://www.youtube.com/channel/UC_BudaUPZ_TbvfUDFRGLQBw,https://www.youtube.com/watch?v=1dzSV_55ZE0
8ALsX8R_emY,시원한 환영식 즐기는 손흥민ㅋㅋㅋㅋ,621400,2025-08-14T00:06:26Z,10,UC_BudaUPZ_TbvfUDFRGLQBw,쏘니 타임즈,https://www.youtube.com/channel/UC_BudaUPZ_TbvfUDFRGLQBw,https://www.youtube.com/watch?v=8ALsX8R_emY
nk_-u_1hB9w,LAFC 감독 “손흥민이 13년 전에...”,620304,2025-08-14T04:12:31Z,130,UCYRrUD5v5j_Ei8sKOo7mhoQ,엠빅뉴스,https://www.youtube.com/channel/UCYRrUD5v5j_Ei8sKOo7mhoQ,https://www.youtube.com/watch?v=nk_-u_1hB9w
JekQR7B2QZQ,"[직캠영상] 공 궤적이 요래요래!!! 감독은 ""쏘니는 완벽한 패키지 선수!!!""",618710,2025-08-15T03:23:28Z,170,UCYRrUD5v5j_Ei8sKOo7mhoQ,엠빅뉴스,https://www.youtube.com/channel/UCYRrUD5v5j_Ei8sKOo7mhoQ,https://www.youtube.com/watch?v=JekQR7B2QZQ
Tj0cgj0DsB4,손흥민 데뷔 후 토트넘 팬들 화난 이유,614459,2025-08-11T22:00:39Z,16,UC0HOOrIZm2xXP3rhF0sqIuw,CP아일랜드,https://www.youtube.com/channel/UC0HOOrIZm2xXP3rhF0sqIuw,https://www.youtube.com/watch?v=Tj0cgj0DsB4
IQfMTRcg9JA,손흥민 스피드를 못 따라가며 페널티킥 반칙을 줄 수밖에 없었던 진짜 이유요?! / 손흥민 / #손흥민 ,607702,2025-08-11T13:43:00Z,486,UC3NiuSfZKc9FofALg4TzBAQ,월드티비,https://www.youtube.com/channel/UC3NiuSfZKc9FofALg4TzBAQ,https://www.youtube.com/watch?v=IQfMTRcg9JA
3DjvCwQbXAs,“쏘니 공에 터치만 했을 뿐인데” 손흥민 뉴잉글랜드 레볼루션전 생방송으로 경기보다 난리난 미국방송,602228,2025-08-17T11:13:41Z,500,UCmEx0Z66HZdOrYqQhM46w3A,단골이슈,https://www.youtube.com/channel/UCmEx0Z66HZdOrYqQhM46w3A,https://www.youtube.com/watch?v=3DjvCwQbXAs
zCleJncaewQ,손흥민 떠나서 '멘탈' 터져버린 토트넘 선수,593503,2025-08-12T03:01:13Z,26,UC6aUM3VfPjKSX8Vt7XBgwmw,싸커싸커,https://www.youtube.com/channel/UC6aUM3VfPjKSX8Vt7XBgwmw,https://www.youtube.com/watch?v=zCleJncaewQ
ikllHiaGlxA,"""요래요래~"" 손흥민 슈팅 궤적에 놀란 동료들",589162,2025-08-15T03:58:08Z,11,UCYRrUD5v5j_Ei8sKOo7mhoQ,엠빅뉴스,https://www.youtube.com/channel/UCYRrUD5v5j_Ei8sKOo7mhoQ,https://www.youtube.com/watch?v=ikllHiaGlxA
dO6guo3tO9E,"""이강인 한명이 토트넘 11명 농락"" 결국 증명된 손흥민 원맨팀, 슈퍼컵 트로피 내주자 영국 초토화",580027,2025-08-13T22:32:51Z,485,UCMr4moFQvc8iXhdN84s95Vg,발빠른 뉴스,https://www.youtube.com/channel/UCMr4moFQvc8iXhdN84s95Vg,https://www.youtube.com/watch?v=dO6guo3tO9E
Djc8Z_-zIeA,"울며 따라다닌 여자에게, 결국 한소리하는 손흥민",545638,2025-08-12T22:00:23Z,37,UCh_X6D3hYuMZ1OScqN9pFmg,스토리비빔밥,https://www.youtube.com/channel/UCh_X6D3hYuMZ1OScqN9pFmg,https://www.youtube.com/watch?v=Djc8Z_-zIeA
nevQzsTCswk,토트넘의 주장은 기죽지 않는다! | 손흥민 매디슨 로메로,536200,2025-08-15T00:57:52Z,27,UCP6Idof-_rqlGucc5AOL_Aw,아크써클_축구,https://www.youtube.com/channel/UCP6Idof-_rqlGucc5AOL_Aw,https://www.youtube.com/watch?v=nevQzsTCswk
iKynTbsKqJ4,부앙가와 손흥민 대화 통역하는 요리스ㄷㄷㄷ,529337,2025-08-15T01:14:05Z,17,UC_BudaUPZ_TbvfUDFRGLQBw,쏘니 타임즈,https://www.youtube.com/channel/UC_BudaUPZ_TbvfUDFRGLQBw,https://www.youtube.com/watch?v=iKynTbsKqJ4
6A5PdGaJsW8,손흥민에게 한가지가 우려된다는 현지해설,522643,2025-08-12T04:46:35Z,38,UC_RiUys4rBMkOn-kzyhg0hA,리얼스포츠,https://www.youtube.com/channel/UC_RiUys4rBMkOn-kzyhg0hA,https://www.youtube.com/watch?v=6A5PdGaJsW8
KEX7LM45YF8,부앙가를 메인 선수라며 챙겨주는 쏘니 ㅋㅋ#손흥민 #쏘니 #lafc #토트넘 #sonny,508486,2025-08-14T21:10:27Z,9,UCeB5BWC8GM1CrtwdvRvgUTg,킥히트(KickHit),https://www.youtube.com/channel/UCeB5BWC8GM1CrtwdvRvgUTg,https://www.youtube.com/watch?v=KEX7LM45YF8
fDHMNJZ9JVg,LA FC 감독이 손흥민과 악연이었던 이유ㅋㅋ,507389,2025-08-14T10:07:26Z,60,UCIteuoGFSojc8V_8NedwrMQ,축구대통령,https://www.youtube.com/channel/UCIteuoGFSojc8V_8NedwrMQ,https://www.youtube.com/watch?v=fDHMNJZ9JVg
0-aHHP9_g0g,"손흥민의 험난했던 EPL 첫시즌, 손흥민 LAFC 이적 사가 1탄ㅋㅋ",501588,2025-08-12T08:04:56Z,40,UCrsUoCPo5tYO01HjumYqLQQ,축갤러,https://www.youtube.com/channel/UCrsUoCPo5tYO01HjumYqLQQ,https://www.youtube.com/watch?v=0-aHHP9_g0g
3bggssu-B4w,손흥민 잃은 상실감이 너무 큰 벤 데이비스,501261,2025-08-12T20:54:13Z,40,UC_RiUys4rBMkOn-kzyhg0hA,리얼스포츠,https://www.youtube.com/channel/UC_RiUys4rBMkOn-kzyhg0hA,https://www.youtube.com/watch?v=3bggssu-B4w
IGhohK5zs_I,"또 진화를 거듭한 손흥민, 손흥민 LAFC 이적 사가 4탄",494120,2025-08-13T09:30:08Z,50,UCrsUoCPo5tYO01HjumYqLQQ,축갤러,https://www.youtube.com/channel/UCrsUoCPo5tYO01HjumYqLQQ,https://www.youtube.com/watch?v=IGhohK5zs_I
rNt9bPM2JRQ,손흥민 따라서 LA로 떠날 결심 한 진짜 이유요?! 손흥민 영향력으로 데브라위너 까지 결심하자 난리난 이유 공개! / 손흥민 / #손흥민 ,492336,2025-08-13T13:46:00Z,485,UC3NiuSfZKc9FofALg4TzBAQ,월드티비,https://www.youtube.com/channel/UC3NiuSfZKc9FofALg4TzBAQ,https://www.youtube.com/watch?v=rNt9bPM2JRQ
iSsZA4tXvdo,맨시티가 손흥민을 극혐하는 이유,480340,2025-08-11T09:30:28Z,51,UCZMFFhaPv-KeyNlXAGqBUaQ,슛톤,https://www.youtube.com/channel/UCZMFFhaPv-KeyNlXAGqBUaQ,https://www.youtube.com/watch?v=iSsZA4tXvdo
tuqwNMKvjd8,[카라바오컵] 포츠머스 vs 레딩 FC 양민혁 주요장면,474660,2025-08-12T22:38:06Z,326,UCnBht7BrOx-A328KFXgysqQ,쿠팡플레이 스포츠,https://www.youtube.com/channel/UCnBht7BrOx-A328KFXgysqQ,https://www.youtube.com/watch?v=tuqwNMKvjd8
-CWHFV9X5dU,⚽️081425 실시간 동료의 멋진 슈팅에 놀란 손흥민 # #lafc #bmostadium #losangeles #son7 #손흥민 #la #sonny,462811,2025-08-14T20:55:43Z,17,UCKyN1wTF_Hf5efXbMFAVpWg,미주중앙일보,https://www.youtube.com/channel/UCKyN1wTF_Hf5efXbMFAVpWg,https://www.youtube.com/watch?v=-CWHFV9X5dU
AfjOZuzxdY0,"""손흥민이 화내는게 아니었다고?"" 데뷔전 '단 15분'만에 경기 뒤집자, 미공개 영상 속 대반전 행동에 미국 전역 뒤집힌 상황;",453034,2025-08-11T05:47:14Z,428,UCVwXZVlkzkFxNRJlKa5yYYw,더 플래닛,https://www.youtube.com/channel/UCVwXZVlkzkFxNRJlKa5yYYw,https://www.youtube.com/watch?v=AfjOZuzxdY0
0wdN_aaTDjQ,[속보] LAFC 중대발표! 토트넘 초토화 손흥민 연봉 3배 인상! 4년 연장 첫경기 본 LAFC 회장 다급히 파격제안,448471,2025-08-14T04:01:33Z,534,UCUHhXBQK8uku9OmCgeIApGg,생생튜브,https://www.youtube.com/channel/UCUHhXBQK8uku9OmCgeIApGg,https://www.youtube.com/watch?v=0wdN_aaTDjQ
dscyCYFPXl8,손흥민의 영입을 추진했던 또 하나의 MLS 클럽,433339,2025-08-12T02:26:17Z,58,UCPI-5Q_wnHwDbGAXOuEvzBg,이프 TV,https://www.youtube.com/channel/UCPI-5Q_wnHwDbGAXOuEvzBg,https://www.youtube.com/watch?v=dscyCYFPXl8
z083L9AmOGk,조나단한테 털리는 실제 손흥민..,432363,2025-08-15T08:01:09Z,52,UCzv4fNoQH7DG4dYpEuHgBfg,셀럽뿅감독,https://www.youtube.com/channel/UCzv4fNoQH7DG4dYpEuHgBfg,https://www.youtube.com/watch?v=z083L9AmOGk
2PEcX3W4d1g,"""손흥민 LAFC 첫 훈련 최초 공개""...""베테랑 신입 등장에 분위기 폭발""",422295,2025-08-15T04:20:57Z,154,UCLNrdUoW2HhoN__dpRd585w,MBC AMERICA NEWS,https://www.youtube.com/channel/UCLNrdUoW2HhoN__dpRd585w,https://www.youtube.com/watch?v=2PEcX3W4d1g
nqZS3mqHUaY,미쳐버린 손흥민 미국 인기에 찐반응ㅋㅋ,407946,2025-08-13T05:06:14Z,56,UCGf-3tzlytK_4shegtGEfoQ,Jin Soccer 진사커,https://www.youtube.com/channel/UCGf-3tzlytK_4shegtGEfoQ,https://www.youtube.com/watch?v=nqZS3mqHUaY
sr1yIqtjSQA,손흥민 어시스트 장면에서 제가 뒷걸음친 진짜 이유요?!  / 손흥민 / #손흥민 ,402654,2025-08-17T07:04:00Z,484,UC3NiuSfZKc9FofALg4TzBAQ,월드티비,https://www.youtube.com/channel/UC3NiuSfZKc9FofALg4TzBAQ,https://www.youtube.com/watch?v=sr1yIqtjSQA
ztz5vJqKDOY,"손흥민 유니폼 전세계 1위, 입 찢어진 LAFC회장 충격 근황",401568,2025-08-15T11:30:55Z,47,UCuyNWJ46UnESpJ4d_cb7p5A,스타라이트,https://www.youtube.com/channel/UCuyNWJ46UnESpJ4d_cb7p5A,https://www.youtube.com/watch?v=ztz5vJqKDOY
PJydFYffYQM,"손흥민, 쐐기골 도움에 MVP…""차원이 다르다"" / SBS 8뉴스",395418,2025-08-17T12:12:05Z,132,UCkinYTS9IHqOEwR1Sze2JTw,SBS 뉴스,https://www.youtube.com/channel/UCkinYTS9IHqOEwR1Sze2JTw,https://www.youtube.com/watch?v=PJydFYffYQM
lXbno_Zp2Ik,손흥민 없으니 찬밥 신세된 토트넘,394082,2025-08-12T10:42:49Z,17,UC0HOOrIZm2xXP3rhF0sqIuw,CP아일랜드,https://www.youtube.com/channel/UC0HOOrIZm2xXP3rhF0sqIuw,https://www.youtube.com/watch?v=lXbno_Zp2Ik
n4_vY-o_k_c,“손흥민 경기후 저 행동 뭐죠?” 미공개 영상 속 한국식 행동에 LA 발칵 // 동료들 마저 깜짝 놀란 쏘니현상,391259,2025-08-11T10:44:58Z,492,UCmEx0Z66HZdOrYqQhM46w3A,단골이슈,https://www.youtube.com/channel/UCmEx0Z66HZdOrYqQhM46w3A,https://www.youtube.com/watch?v=n4_vY-o_k_c
mRDLkIRQBVs,미쳤다 손흥민 LA 선발 데뷔전 1어시폭발!!! 평점 8.4 맹활약 터졌다! 혼자 클래스 다르네; 손흥민 스텝오버에 나가떨어지는 MLS 수비수들 ㅋㅋ [LA vs 뉴잉글랜드],386117,2025-08-17T01:31:59Z,513,UCLsJ7sVuGf0auEySnT2BHag,풋볼 포레스트 - Forrest Football,https://www.youtube.com/channel/UCLsJ7sVuGf0auEySnT2BHag,https://www.youtube.com/watch?v=mRDLkIRQBVs
BcFWYcA3LNs,"베컴도 극찬!MLS 첫 경기에서 승점 올린 손흥민, 진짜 리더.MLS 팬들, 손흥민 플레이에 감탄 폭발! #손흥민 #LAFC #MLS #손흥민데뷔전 #DavidBeckham",385652,2025-08-13T11:05:00Z,60,UCmxyzxATj7B9PATq0jyF8gw,한국은 빠밤!!!,https://www.youtube.com/channel/UCmxyzxATj7B9PATq0jyF8gw,https://www.youtube.com/watch?v=BcFWYcA3LNs
U7Ce6j9_dSY,"우승 1분 남기고 무너진 토트넘.. 진짜 이걸 지냐; 이강인 1호골 폭발! 경기 뒤집었다! PSG 슈퍼컵 우승! 경기종료 1분 남기고 승리놓친 토트넘,",376655,2025-08-13T21:18:19Z,559,UCLsJ7sVuGf0auEySnT2BHag,풋볼 포레스트 - Forrest Football,https://www.youtube.com/channel/UCLsJ7sVuGf0auEySnT2BHag,https://www.youtube.com/watch?v=U7Ce6j9_dSY
DpVqpGmnUKU,손흥민 동료가 말한 LA의 압도적 거물 쏘니 - 최고 스타가 가장 승부욕 강하면 생기는 일,372089,2025-08-11T09:20:49Z,731,UCqzNZeBt0546jG-vDlAQlZg,스토리K - 축구in 인문학 by kei,https://www.youtube.com/channel/UCqzNZeBt0546jG-vDlAQlZg,https://www.youtube.com/watch?v=DpVqpGmnUKU
bkggLV2ABLM,"""아무도 안하는 저 행동 뭡니까?.."" 손흥민 데뷔전에서 보여준 충격적인 돌발행동 보던 중계진 경악하며, 선수단 뜻밖의 반응 본 팬들 난리난 상황",366868,2025-08-12T05:13:43Z,498,UC6lUwSSWz_elt4bf8CvGEvw,더스포츠,https://www.youtube.com/channel/UC6lUwSSWz_elt4bf8CvGEvw,https://www.youtube.com/watch?v=bkggLV2ABLM
kRq6Nvw8RGU,"손흥민, LA서 경호원 동행 포착 #손흥민 #shorts",360632,2025-08-11T08:30:09Z,18,UCSDiJHawJLgOFlUGWFsdj1Q,일곱Sports News,https://www.youtube.com/channel/UCSDiJHawJLgOFlUGWFsdj1Q,https://www.youtube.com/watch?v=kRq6Nvw8RGU
KkSuB8YuNMc,"손흥민 경기,미국 LA 헐리우드 스타들과 배우들이 보려고 기다리고 있는 이유",354090,2025-08-17T11:56:09Z,557,UCSfd9_deRjVAk0V9G7idgUg,지구본 뉴스,https://www.youtube.com/channel/UCSfd9_deRjVAk0V9G7idgUg,https://www.youtube.com/watch?v=KkSuB8YuNMc
BPWFlVyzLNE,무리뉴를 충격에 빠뜨렸던 손흥민의 미친 골🔥,353479,2025-08-11T08:51:22Z,60,UCIteuoGFSojc8V_8NedwrMQ,축구대통령,https://www.youtube.com/channel/UCIteuoGFSojc8V_8NedwrMQ,https://www.youtube.com/watch?v=BPWFlVyzLNE
4nOVwP2zZC8,⚽️081425 훈련 후 동료들과 휴식하는 손흥민  #lafc #bmostadium #losangeles #son7 #손흥민 #la #훈련 #축구,352145,2025-08-14T21:37:09Z,29,UCKyN1wTF_Hf5efXbMFAVpWg,미주중앙일보,https://www.youtube.com/channel/UCKyN1wTF_Hf5efXbMFAVpWg,https://www.youtube.com/watch?v=4nOVwP2zZC8
7w0g2OnjBS8,손흥민 뉴잉글랜드전에 놀라운 반응들 - 다른 차원의 선수가 만든 새로운 이야기에 현지 풍경들,349540,2025-08-17T08:49:26Z,826,UCqzNZeBt0546jG-vDlAQlZg,스토리K - 축구in 인문학 by kei,https://www.youtube.com/channel/UCqzNZeBt0546jG-vDlAQlZg,https://www.youtube.com/watch?v=7w0g2OnjBS8
is6eshQA3IU,"연속된 좌절...,손흥민 LAFC 이적 사가 2탄",345581,2025-08-12T12:40:00Z,42,UCrsUoCPo5tYO01HjumYqLQQ,축갤러,https://www.youtube.com/channel/UCrsUoCPo5tYO01HjumYqLQQ,https://www.youtube.com/watch?v=is6eshQA3IU
3bAycZ2CcA0,LAFC 뉴잉글랜드 손흥민 라이브 축구중계(MLS 한국해설),332209,2025-08-17T01:43:51Z,8053,UCt3AhXsC_F_-m9B7JILdJPQ,식스맨TV축구해설,https://www.youtube.com/channel/UCt3AhXsC_F_-m9B7JILdJPQ,https://www.youtube.com/watch?v=3bAycZ2CcA0
ZVeidr7nVYs,손흥민 하나 들어왔을 뿐인데 바로 리그 1위라니 메시 경악ㄷㄷ,329731,2025-08-14T11:00:56Z,47,UCQxypI_6PaHLmdvLFBjfF3Q,손흥민전성시대,https://www.youtube.com/channel/UCQxypI_6PaHLmdvLFBjfF3Q,https://www.youtube.com/watch?v=ZVeidr7nVYs
EkArjtFB67k,"“모두를 자선에 쓰겠다!”—LAFC 회장이 폭로한 충격 진실: 손흥민, 2,000억 원 계약금을 전액 기부… 위대한 인품에 미국이 눈물, “100년 역사상 이런 사람은 처음이다!”",320039,2025-08-13T11:30:11Z,540,UCMMYotfqIDjjaB4EKknh-Aw,축구의 감정,https://www.youtube.com/channel/UCMMYotfqIDjjaB4EKknh-Aw,https://www.youtube.com/watch?v=EkArjtFB67k
pshvyldtNaU,손흥민 LAFC 첫 어시스트에 MOM까지!! 오늘도 흥분한 엘에이 현지팬들 ㅋㅋ,317204,2025-08-17T05:09:32Z,492,UCcrYRUtDo_xhVfctf-MosnQ,백호 in LA,https://www.youtube.com/channel/UCcrYRUtDo_xhVfctf-MosnQ,https://www.youtube.com/watch?v=pshvyldtNaU
H3EReK0l1BY,손흥민은 우리 생각보다 훨씬 더 세계적인 선수네요.. 현지반응 미쳤다! [6시 내축구],311295,2025-08-11T11:30:16Z,1691,UCRDowcnvz5ZVh-3NVAdfiqg,달수네라이브,https://www.youtube.com/channel/UCRDowcnvz5ZVh-3NVAdfiqg,https://www.youtube.com/watch?v=H3EReK0l1BY
LjdjHY8ftu8,손흥민 MLS 개척 현지언론이 더 호들갑인 이유 - 역사적인 변곡점을 준비하는 미국 축구의 집착,311283,2025-08-12T09:24:02Z,733,UCqzNZeBt0546jG-vDlAQlZg,스토리K - 축구in 인문학 by kei,https://www.youtube.com/channel/UCqzNZeBt0546jG-vDlAQlZg,https://www.youtube.com/watch?v=LjdjHY8ftu8
tBUETn6SWBI,“우리 모두 손흥민한테 속았다” 단단히 화난 미국 스포츠 기자,308077,2025-08-15T00:38:29Z,47,UCQxypI_6PaHLmdvLFBjfF3Q,손흥민전성시대,https://www.youtube.com/channel/UCQxypI_6PaHLmdvLFBjfF3Q,https://www.youtube.com/watch?v=tBUETn6SWBI
OSJbRLMgHKE,"클롭 ""우리도 저건 못막았어ㅋㅋ"" 손흥민 38M 침투 골에 빵터진 클롭감독 한마디에 미국이 초긴장중인 이유",296154,2025-08-11T05:30:10Z,499,UCzxawsAnspJDEoUq3FmutWw,탄탄 세계읽기,https://www.youtube.com/channel/UCzxawsAnspJDEoUq3FmutWw,https://www.youtube.com/watch?v=OSJbRLMgHKE
RhB9jkbUBo8,"[감동] 손흥민, 로스앤젤레스의 MEND 자선단체에 사상 최대 금액 기부; 미국 언론: ""쏘니의 따뜻한 마음, 태평양보다 크다!""",293802,2025-08-13T11:21:34Z,576,UCJbuZB0z3paDBIXOonVuZBQ,스포킹TV,https://www.youtube.com/channel/UCJbuZB0z3paDBIXOonVuZBQ,https://www.youtube.com/watch?v=RhB9jkbUBo8
vOLNhaJQ28Q,"""LA 오히려 돈 더주겠다고?"" 손흥민 스폰서 초대박! 돈방석 오른 LA 회장 ""한국에 올인해"" 영국이 경악한 초강수",283580,2025-08-11T09:30:38Z,482,UC-w3bp6brs-6DOqbHAamJSQ,코리와우,https://www.youtube.com/channel/UC-w3bp6brs-6DOqbHAamJSQ,https://www.youtube.com/watch?v=vOLNhaJQ28Q
ZajZVO72iYU,[엠빅직캠] 손흥민 첫 선발 활약상 정리!,282912,2025-08-17T08:39:42Z,518,UCYRrUD5v5j_Ei8sKOo7mhoQ,엠빅뉴스,https://www.youtube.com/channel/UCYRrUD5v5j_Ei8sKOo7mhoQ,https://www.youtube.com/watch?v=ZajZVO72iYU
Fgu7zD5ylXY,혼자 식사시간 잘못 알았던 손흥민ㅋㅋㅋㅋㅋ,281784,2025-08-14T11:32:49Z,34,UCf3dyXI8Q67jkUSsX4MD6CQ,대흥민 갤러리,https://www.youtube.com/channel/UCf3dyXI8Q67jkUSsX4MD6CQ,https://www.youtube.com/watch?v=Fgu7zD5ylXY
XqxLHsqztG0,현재 손흥민때문에 난리난 미국 LA 현지 상황 “쏘니가 완전히 다 바꿨다”,279877,2025-08-13T12:19:57Z,497,UCmEx0Z66HZdOrYqQhM46w3A,단골이슈,https://www.youtube.com/channel/UCmEx0Z66HZdOrYqQhM46w3A,https://www.youtube.com/watch?v=XqxLHsqztG0
vfNlIrXhu-8,손흥민 첫 선발 데뷔전 초대박 장면 “첫 공격포인트 장면 현지 반응 폭발” LAFC팬들 “한국팬들에게 미안해”,278248,2025-08-17T02:54:46Z,481,UCZPsB5mhxaywnWiE6WWfFSw,풀앤푸시(Pull&Push),https://www.youtube.com/channel/UCZPsB5mhxaywnWiE6WWfFSw,https://www.youtube.com/watch?v=vfNlIrXhu-8
WN4vUndZ1kY,손흥민 나가자마자 기강 개판난 토트넘 상황 ㄷㄷ,278194,2025-08-12T17:00:22Z,34,UCf3dyXI8Q67jkUSsX4MD6CQ,대흥민 갤러리,https://www.youtube.com/channel/UCf3dyXI8Q67jkUSsX4MD6CQ,https://www.youtube.com/watch?v=WN4vUndZ1kY
BZ3FjoS2IdU,손흥민 중국반응│손흥민 전율의 MLS LAFC 데뷔전│유니폼 바뀐 손흥민 깜짝 교체출전!│LA는 환호! 토트넘은 눈물! 중국에서 조롱당하는 토트넘 팬 탈퇴러시 반토막│중국어로[路],274656,2025-08-11T10:00:12Z,615,UCxV6HwAqpzkAN1J2s9LolgQ,중국어로 [路],https://www.youtube.com/channel/UCxV6HwAqpzkAN1J2s9LolgQ,https://www.youtube.com/watch?v=BZ3FjoS2IdU
lAznR-E8_pA,손흥민 키패스만 5개라고?! 쏘니의 MOM 패스영상 보시죠!,273650,2025-08-17T04:37:24Z,38,UCpdwwa52oFs1jLB8p-96QeQ,슈픽,https://www.youtube.com/channel/UCpdwwa52oFs1jLB8p-96QeQ,https://www.youtube.com/watch?v=lAznR-E8_pA
Jl2_NeHmvoM,(실시간) 손흥민 선발!! MLS [뉴잉글랜드vsLAFC],270143,2025-08-17T01:57:33Z,10703,UCRDowcnvz5ZVh-3NVAdfiqg,달수네라이브,https://www.youtube.com/channel/UCRDowcnvz5ZVh-3NVAdfiqg,https://www.youtube.com/watch?v=Jl2_NeHmvoM
ryaEJpfMpS0,도시로 퍼지는 '손흥민 효과'…LAFC도 한인타운도 '활짝' / JTBC 뉴스룸,269914,2025-08-17T12:31:44Z,133,UCsU-I-vHLiaMfV_ceaYz5rQ,JTBC News,https://www.youtube.com/channel/UCsU-I-vHLiaMfV_ceaYz5rQ,https://www.youtube.com/watch?v=ryaEJpfMpS0
I-Aq5oVNvG4,손흥민을 다시봐서 너무 신난 요리스ㅋㅋㅋ,269199,2025-08-14T04:53:34Z,54,UCGf-3tzlytK_4shegtGEfoQ,Jin Soccer 진사커,https://www.youtube.com/channel/UCGf-3tzlytK_4shegtGEfoQ,https://www.youtube.com/watch?v=I-Aq5oVNvG4
r2mf5SU0LNE,손흥민 한테 찔러준 스루패스가 가능했던 진짜 이유가 뭐냐고요?! 손흥민 팀 동료 소신발언에 난리 난 이유 공개! / 손흥민 / #손흥민 ,268711,2025-08-12T14:23:00Z,493,UC3NiuSfZKc9FofALg4TzBAQ,월드티비,https://www.youtube.com/channel/UC3NiuSfZKc9FofALg4TzBAQ,https://www.youtube.com/watch?v=r2mf5SU0LNE
q0EIpHONgXw,"손흥민 1호 도움 폭발! 손흥민이 보여준 '단 하나의 장면'에, ""북미 축구 전체가 충격""받은 실제 상황!",260984,2025-08-17T06:20:45Z,539,UC_YMjWL8rj2TRkunDRrlUPA,바이스톰 코리아,https://www.youtube.com/channel/UC_YMjWL8rj2TRkunDRrlUPA,https://www.youtube.com/watch?v=q0EIpHONgXw
_hdsli6t9oo,"""흥민이 형 없으면.."" 이강인이 손흥민없는 토트넘 가지고 놀아버린 진짜 이유 밝혀버리자, 질문한 기자들 충격받아 회견장 아수라장 된 사연",249177,2025-08-14T02:38:32Z,661,UC6lUwSSWz_elt4bf8CvGEvw,더스포츠,https://www.youtube.com/channel/UC6lUwSSWz_elt4bf8CvGEvw,https://www.youtube.com/watch?v=_hdsli6t9oo
m-2c-LsXxXw,"[속보] 손흥민 힐킥 어시스트 미쳤다 ""MLS 역사상 난생 처음 보는 기술"" 경기장 모두를 속여버린 뒷발 패스 한방에 현지 중계진 경악 미국 전역 뒤집혔다",247951,2025-08-17T04:44:20Z,571,UCuHi3SKxaVVhZPyXibILqAA,풋볼 랭킹,https://www.youtube.com/channel/UCuHi3SKxaVVhZPyXibILqAA,https://www.youtube.com/watch?v=m-2c-LsXxXw
BQRF6njjvkk,"""손흥민을 쏘니라고 부르다니 불쾌하다"" MLS 중계 황당 논란",242284,2025-08-14T06:12:19Z,38,UCf3dyXI8Q67jkUSsX4MD6CQ,대흥민 갤러리,https://www.youtube.com/channel/UCf3dyXI8Q67jkUSsX4MD6CQ,https://www.youtube.com/watch?v=BQRF6njjvkk
4YyZsNynGR8,"""PK 안 찬 진짜 이유는..."" 손흥민이 얻어낸 PK를 차지 않고 양보한 상황에 대해, 미국 기자들 질문세례 퍼붓자, LAFC감독 참다못해 던진 한마디에 기자회견장 아수라장",237329,2025-08-11T23:55:08Z,491,UCL2StfHxRLorkzSdzxXqadg,풋볼매거진,https://www.youtube.com/channel/UCL2StfHxRLorkzSdzxXqadg,https://www.youtube.com/watch?v=4YyZsNynGR8
4R8SKbc5akc,"레전드 여자축구 선수들의 손흥민 뒷담화 ""쏘니 봤어? 잘생긴데다가 말도 너무 잘하잖아!!""",237059,2025-08-11T08:49:10Z,454,UCHK2xITEBE2xQl49mDwAgvQ,데일리서치_새채널,https://www.youtube.com/channel/UCHK2xITEBE2xQl49mDwAgvQ,https://www.youtube.com/watch?v=4R8SKbc5akc
5VkyzZOBUiY,손흥민 미쳤다! 미국축구 찢었다!  1도움 폭발 손흥민 원맨쇼 최고평점 폭발 환상적 손흥민 미친 선발데뷔전,236901,2025-08-17T01:32:01Z,515,UCv5uXet9sMVfwBiotc0B_wA,제자르,https://www.youtube.com/channel/UCv5uXet9sMVfwBiotc0B_wA,https://www.youtube.com/watch?v=5VkyzZOBUiY
Mywl0soBgNk,"""손흥민도 없는데.."" 손흥민 300억에 팔아먹고 좋다고 희희낙락하던 레비, 막상 선수영입하려하자 1류 선수들 모두 고개 저으며 토트넘 문전박대하자 레비회장 혼절",236811,2025-08-13T03:43:39Z,482,UC6lUwSSWz_elt4bf8CvGEvw,더스포츠,https://www.youtube.com/channel/UC6lUwSSWz_elt4bf8CvGEvw,https://www.youtube.com/watch?v=Mywl0soBgNk
5nFJ0BRH1V4,손흥민 선발 데뷔전!! LA FC vs 뉴잉글랜드 : 손흥민 데뷔골 나올까?,233653,2025-08-17T03:31:26Z,16031,UCdh5nloZ9eo5YpZ2DRWwIew,새벽의 축구 전문가,https://www.youtube.com/channel/UCdh5nloZ9eo5YpZ2DRWwIew,https://www.youtube.com/watch?v=5nFJ0BRH1V4
JWEFMfyyX-8,손흥민 덕분에 대반전 맞은 선수 “퇴출직전에 완전 인생 역전되었다” LAFC 팬들까지 놀란 반전,232110,2025-08-13T09:12:00Z,480,UCZPsB5mhxaywnWiE6WWfFSw,풀앤푸시(Pull&Push),https://www.youtube.com/channel/UCZPsB5mhxaywnWiE6WWfFSw,https://www.youtube.com/watch?v=JWEFMfyyX-8
1FSJy-gXocE,"손흥민 LA팬 전폭적 지지 속 상대 선수마저 ""세계 최고"" - LAFC의 새로운 풍경과 대통합 상징",228006,2025-08-14T09:57:51Z,871,UCqzNZeBt0546jG-vDlAQlZg,스토리K - 축구in 인문학 by kei,https://www.youtube.com/channel/UCqzNZeBt0546jG-vDlAQlZg,https://www.youtube.com/watch?v=1FSJy-gXocE
ISTTOM2xzKM,"손흥민, 혼자서도 한 팀을 무너뜨렸다 — 뉴잉글랜드 감독의 충격 고백에 미국 언론 발칵  #손흥민 #MLS #LAFC",227868,2025-08-17T05:00:02Z,781,UCwy1wo1d7lDk6YN6RvF92Kw,KBO 뉴스,https://www.youtube.com/channel/UCwy1wo1d7lDk6YN6RvF92Kw,https://www.youtube.com/watch?v=ISTTOM2xzKM
XMC9svIFyWQ,손흥민 첫 미국 리그 경기 ⚽🇺🇸 Chicago Fire vs LAFC 시카고 브이로그,223264,2025-08-12T02:25:40Z,769,UCdQ1upewQXVOyhbGGtsRlUQ,제이미 인 시카고 Jamie in Chicago,https://www.youtube.com/channel/UCdQ1upewQXVOyhbGGtsRlUQ,https://www.youtube.com/watch?v=XMC9svIFyWQ
aW5RyI17UJw,손흥민 향한 방송사들의 존중 이 정도면 신격화? - 동료의 눈물과 LAFC 레전드의 여정,219312,2025-08-13T10:15:56Z,790,UCqzNZeBt0546jG-vDlAQlZg,스토리K - 축구in 인문학 by kei,https://www.youtube.com/channel/UCqzNZeBt0546jG-vDlAQlZg,https://www.youtube.com/watch?v=aW5RyI17UJw
7E7Lg5i6C4g,"MLS 선수 연봉 순위 TOP5, 손흥민은 몇위일까? [#해축랭킹]",218062,2025-08-12T10:15:09Z,651,UCh4qkgdlDN5Ng_TWEJgNN4A,해축이 HCE,https://www.youtube.com/channel/UCh4qkgdlDN5Ng_TWEJgNN4A,https://www.youtube.com/watch?v=7E7Lg5i6C4g
D05K0Qkf4XE,손흥민 선발 데뷔전 + 1호 도움!! LAFC 뉴잉글랜드 축구 입중계 (MLS 리그 24R),217040,2025-08-17T02:20:41Z,11663,UCD9xfvEZl4mL6pzGeYhak1Q,축구는 정석이,https://www.youtube.com/channel/UCD9xfvEZl4mL6pzGeYhak1Q,https://www.youtube.com/watch?v=D05K0Qkf4XE
G9Fa3WeykLE,슈퍼컵 패배 지켜본 실시간 손흥민 반응 메이저리그 데뷔까지 ‘손흥민 효과’ 미쳤다!,210997,2025-08-14T03:04:12Z,507,UCmGLKQgLtGhH4goyguKCFWA,흰수염고래스포츠,https://www.youtube.com/channel/UCmGLKQgLtGhH4goyguKCFWA,https://www.youtube.com/watch?v=G9Fa3WeykLE
qBfSaZyz8bA,손흥민 향한 美여론 급격히 반전 “그만 괴롭혀라” 경고 쏟아졌다. 실제로 보니 상황 심상치 않다.,209567,2025-08-14T09:55:18Z,485,UCZPsB5mhxaywnWiE6WWfFSw,풀앤푸시(Pull&Push),https://www.youtube.com/channel/UCZPsB5mhxaywnWiE6WWfFSw,https://www.youtube.com/watch?v=qBfSaZyz8bA
oVotdyjbgAQ,"손흥민을 메시와 비교하던 미국에서, '손흥민의 진짜 가치'에 눈을 떠버린 실제 상황",207170,2025-08-14T12:04:23Z,570,UC_YMjWL8rj2TRkunDRrlUPA,바이스톰 코리아,https://www.youtube.com/channel/UC_YMjWL8rj2TRkunDRrlUPA,https://www.youtube.com/watch?v=oVotdyjbgAQ
3IzERy_zBaw,"""딱 30분만에 수천억?"" 손흥민 데뷔전 딱 1경기만에 LAFC 수천억 돈방석에 앉자, ESPN 정규방송 중단하고 특집방송 내보내, 미국 팬들 충격에 할말잃고 넋나간 상황",205992,2025-08-13T00:31:28Z,482,UCL2StfHxRLorkzSdzxXqadg,풋볼매거진,https://www.youtube.com/channel/UCL2StfHxRLorkzSdzxXqadg,https://www.youtube.com/watch?v=3IzERy_zBaw
GxVIimFMk2E,"[속보] 손흥민 전세계 유니폼 판매량 1위 등극, 메시-커리-르브론 제임스도 넘었다 ㄷㄷㄷ LA FC 단장피셜 초대박난 손흥민 유니폼 판매량 상황 ㄷㄷㄷㄷㄷㄷ",205638,2025-08-15T00:26:25Z,488,UCLsJ7sVuGf0auEySnT2BHag,풋볼 포레스트 - Forrest Football,https://www.youtube.com/channel/UCLsJ7sVuGf0auEySnT2BHag,https://www.youtube.com/watch?v=GxVIimFMk2E
2VCXB1hiQ3Q,"[현지반응] ""손흥민 저렇게까지 하다니..."" MLS 데뷔전, LA가 놀란 이유",201700,2025-08-11T08:00:04Z,991,UCmKTwXS5wC4Ww4X6PyXjMYg,서형욱의 뽈리TV,https://www.youtube.com/channel/UCmKTwXS5wC4Ww4X6PyXjMYg,https://www.youtube.com/watch?v=2VCXB1hiQ3Q
1sZovcfehak,"레비 ""그니까 1년더 연장하자했잖아!!"" 손흥민 떠난 토트넘 재정 악화 심각.. 핵심 멤버 줄줄히 탈출 ""아직도 손흥민 굿즈 판매 압도적 1위""",199846,2025-08-12T08:30:01Z,484,UCzxawsAnspJDEoUq3FmutWw,탄탄 세계읽기,https://www.youtube.com/channel/UCzxawsAnspJDEoUq3FmutWw,https://www.youtube.com/watch?v=1sZovcfehak
43O0_Brhojo,손흥민 하루만에 1200억 벌었다! LAFC 벌써 이적료 5배 회수 상황? 토트넘 손흥민 매각 단 5일만에 붕괴 초토화,198012,2025-08-12T06:46:58Z,558,UCVsJ4ra_01ygNeLoGc96cRg,진심TV,https://www.youtube.com/channel/UCVsJ4ra_01ygNeLoGc96cRg,https://www.youtube.com/watch?v=43O0_Brhojo
OeLC4j7mc4Q,[속보] 토트넘 긴급 파산! 충격 쏘니팬들 다 떠나자 토트넘 초토화 BBC 충격발표! 영국 언론들 난리났다,189933,2025-08-11T10:29:09Z,486,UCUHhXBQK8uku9OmCgeIApGg,생생튜브,https://www.youtube.com/channel/UCUHhXBQK8uku9OmCgeIApGg,https://www.youtube.com/watch?v=OeLC4j7mc4Q
-Tul-N38qzc,"""비록 졌지만, 이 점에 대해 손흥민에게 감사해야 한다!"" LAFC에 패했음에도 불구하고, 뉴잉글랜드 레볼루션 감독이 환하게 미소 지은 진짜 이유!",188665,2025-08-17T03:07:14Z,533,UCJbuZB0z3paDBIXOonVuZBQ,스포킹TV,https://www.youtube.com/channel/UCJbuZB0z3paDBIXOonVuZBQ,https://www.youtube.com/watch?v=-Tul-N38qzc
xu2rfbUsh6E,'손흥민 LAFC행' 이영표의 숨겨진 이야기...[HOT다리영표:전술의재발견] EP.15ㅣKBS20250813 #이영표#손흥민#LAFC#설기현#김재성#신태용#울산#제주,188342,2025-08-13T09:30:43Z,1229,UCDIB1DOwPPe58M2fHPyVVDA,KBS 스포츠,https://www.youtube.com/channel/UCDIB1DOwPPe58M2fHPyVVDA,https://www.youtube.com/watch?v=xu2rfbUsh6E
hMg2o1joZWk,"""손흥민 없어도 우승한다"" 자만하던 영국 , 이적 후 전경기 패배하자, 전문가들 ""영국이 가장 두려워한 상황"" 현지 경악한 상황;",183003,2025-08-14T04:34:26Z,532,UCVwXZVlkzkFxNRJlKa5yYYw,더 플래닛,https://www.youtube.com/channel/UCVwXZVlkzkFxNRJlKa5yYYw,https://www.youtube.com/watch?v=hMg2o1joZWk
I2nxI-IfuiM,"[속보] 손흥민 선발출전 평점 9.32 MVP!! 단 '1%'의 확률 공략한 미친감차 2어시스트! BBC ""이적하자마자 저게 가능해?!"" 미국 현지 초토화된 이유",179733,2025-08-17T01:37:21Z,961,UC6XUug9NifWGWcL86YYeYSA,탑 클래스TV,https://www.youtube.com/channel/UC6XUug9NifWGWcL86YYeYSA,https://www.youtube.com/watch?v=I2nxI-IfuiM
mDPYNAOzeDg,"손흥민 떠나자 뒤늦게 후회하기 시작하는 영국언론, 토트넘 복귀 프로젝트 가동되자 미국인들 패닉",177415,2025-08-11T11:26:19Z,503,UCYKYTbPYaMIIyYuhWYdxmVw,위대한언니,https://www.youtube.com/channel/UCYKYTbPYaMIIyYuhWYdxmVw,https://www.youtube.com/watch?v=mDPYNAOzeDg
gXcKeh4Lylw,"""이건 팀이 아닙니다"" 손흥민 이적 후 첫 공식 경기부터 대참사난 토트넘, 결국 최고참 '폭탄발언' 영국 경악한 이유;",175976,2025-08-13T10:10:58Z,522,UCVwXZVlkzkFxNRJlKa5yYYw,더 플래닛,https://www.youtube.com/channel/UCVwXZVlkzkFxNRJlKa5yYYw,https://www.youtube.com/watch?v=gXcKeh4Lylw
glj3gYnDj6g,[손흥민 고별전 직관] 어서 와 스카이박스는 처음이지? 뷔페 먹방부터 응원까지 스카이박스 1000% 즐기고 온 썰‼️,173807,2025-08-11T11:01:17Z,428,UCvAewWPqooIUgQUsjhTmUVw,김숙티비kimsookTV,https://www.youtube.com/channel/UCvAewWPqooIUgQUsjhTmUVw,https://www.youtube.com/watch?v=glj3gYnDj6g
ub8jtOxljc4,"""손흥민 경제, 지금 정말 폭발 중!"" LAFC, 아시아발 초대형 스폰서십 2건 공개, 총액 2000억원! 손흥민이 2건의 스폰서십 계약에서 받는 비율이 미국 충격!",171891,2025-08-13T04:51:01Z,545,UCJbuZB0z3paDBIXOonVuZBQ,스포킹TV,https://www.youtube.com/channel/UCJbuZB0z3paDBIXOonVuZBQ,https://www.youtube.com/watch?v=ub8jtOxljc4
7_aUEYujJaw,"[속보] LA 진짜 난리났네 ㅋㅋ 아시아 GOAT 손흥민-오타니 드디어 만난다! LA 다저스, 손흥민 시구 초대! 이날 LA 진짜 대폭발할듯 ㅋㅋㅋ 진짜 미쳐버린 손흥민 영입효과",171439,2025-08-14T02:03:20Z,502,UCLsJ7sVuGf0auEySnT2BHag,풋볼 포레스트 - Forrest Football,https://www.youtube.com/channel/UCLsJ7sVuGf0auEySnT2BHag,https://www.youtube.com/watch?v=7_aUEYujJaw
ijtNTmhFFus,손흥민보다 먼저 'LA 쏘니' 입은 남자 [뽈:터뷰],167437,2025-08-13T08:00:32Z,1497,UCmKTwXS5wC4Ww4X6PyXjMYg,서형욱의 뽈리TV,https://www.youtube.com/channel/UCmKTwXS5wC4Ww4X6PyXjMYg,https://www.youtube.com/watch?v=ijtNTmhFFus
i-Ldo9Xj1GE,"[현지반응] 美 언론 ""손흥민은 말도 안되는 선수"" 상대팀 에이스 '맞대결 기대'",165765,2025-08-14T08:47:22Z,707,UCmKTwXS5wC4Ww4X6PyXjMYg,서형욱의 뽈리TV,https://www.youtube.com/channel/UCmKTwXS5wC4Ww4X6PyXjMYg,https://www.youtube.com/watch?v=i-Ldo9Xj1GE
TQn02ly24Vc,"[단독] 손흥민, 히든힐스에 250억 원 주택 매입; 미국 언론: ""손흥민 이웃은 모두 슈퍼스타!""",160241,2025-08-12T04:21:41Z,633,UCJbuZB0z3paDBIXOonVuZBQ,스포킹TV,https://www.youtube.com/channel/UCJbuZB0z3paDBIXOonVuZBQ,https://www.youtube.com/watch?v=TQn02ly24Vc
VFu7mJ6qBIo,"[속보] 메시 인터뷰 떴다! 대박 ""MLS에 존재한적 없던 플레이"" 손흥민 50M 원맨쇼에 미국 발칵",157072,2025-08-12T23:00:26Z,760,UCUHhXBQK8uku9OmCgeIApGg,생생튜브,https://www.youtube.com/channel/UCUHhXBQK8uku9OmCgeIApGg,https://www.youtube.com/watch?v=VFu7mJ6qBIo
2pmYxvpTd3k,손흥민 한테 LA 팀 동료들이 벌써부터 감독처럼 믿고 따르는 진짜 이유요?! / 손흥민 / #손흥민 ,156510,2025-08-15T04:19:00Z,506,UC3NiuSfZKc9FofALg4TzBAQ,월드티비,https://www.youtube.com/channel/UC3NiuSfZKc9FofALg4TzBAQ,https://www.youtube.com/watch?v=2pmYxvpTd3k
